time,Open,High,Low,Close,Adj Close,Volume,ticker
2022-05-26,0.08466500043869019,0.08624500036239624,0.07968100160360336,0.08236999809741974,0.08236999809741974,1876632595,TRX-USD
2022-05-27,0.08233600109815598,0.08343300223350525,0.07870999723672867,0.08062200248241425,0.08062200248241425,1464024903,TRX-USD
2022-05-28,0.08022300153970718,0.08244399726390839,0.07917799800634384,0.0812549963593483,0.0812549963593483,895921518,TRX-USD
2022-05-29,0.0812549963593483,0.08216000348329544,0.0788709968328476,0.08050700277090073,0.08050700277090073,744344490,TRX-USD
2022-05-30,0.08050499856472015,0.08423800021409988,0.08030799776315689,0.08325900137424469,0.08325900137424469,930393865,TRX-USD
2022-05-31,0.0832500010728836,0.08419100195169449,0.07965199649333954,0.08419100195169449,0.08419100195169449,983838110,TRX-USD
2022-06-01,0.08417200297117233,0.090939000248909,0.08218000084161758,0.08347400277853012,0.08347400277853012,1758857734,TRX-USD
2022-06-02,0.08347100019454956,0.08535099774599075,0.08140300214290619,0.08421900123357773,0.08421900123357773,1015848750,TRX-USD
2022-06-03,0.08423099666833878,0.08606000244617462,0.08067300170660019,0.08114399760961533,0.08114399760961533,806751464,TRX-USD
2022-06-04,0.0811539962887764,0.081324003636837,0.07721500098705292,0.08036699891090393,0.08036699891090393,871853678,TRX-USD
2022-06-05,0.08037000149488449,0.08242899924516678,0.07937300205230713,0.08142600208520889,0.08142600208520889,598654849,TRX-USD
2022-06-06,0.08143399655818939,0.08473899960517883,0.0812079980969429,0.0817049965262413,0.0817049965262413,779535719,TRX-USD
2022-06-07,0.08170200139284134,0.08300399780273438,0.07902699708938599,0.08201300352811813,0.08201300352811813,908038206,TRX-USD
2022-06-08,0.08200699836015701,0.08249399811029434,0.07974299788475037,0.08063700050115585,0.08063700050115585,817566177,TRX-USD
2022-06-09,0.0806410014629364,0.08173699676990509,0.08009699732065201,0.08097600191831589,0.08097600191831589,699118760,TRX-USD
2022-06-10,0.08097299933433533,0.08152200281620026,0.07892999798059464,0.07894399762153625,0.07894399762153625,768679902,TRX-USD
2022-06-11,0.07895399630069733,0.0802220031619072,0.07495500147342682,0.07594700157642365,0.07594700157642365,781940113,TRX-USD
2022-06-12,0.07598300278186798,0.0784590020775795,0.07437200099229813,0.07642299681901932,0.07642299681901932,976987397,TRX-USD
2022-06-13,0.07641000300645828,0.07650499790906906,0.061268001794815063,0.06379400193691254,0.06379400193691254,2287620588,TRX-USD
2022-06-14,0.06380400061607361,0.06456299871206284,0.05239899829030037,0.055785998702049255,0.055785998702049255,1822789352,TRX-USD
2022-06-15,0.05575399845838547,0.06352599710226059,0.04743900150060654,0.06293299794197083,0.06293299794197083,2755308725,TRX-USD
2022-06-16,0.06294000148773193,0.06529500335454941,0.05851199850440025,0.05908999964594841,0.05908999964594841,1183929294,TRX-USD
2022-06-17,0.059094998985528946,0.06272400170564651,0.05883599817752838,0.059873998165130615,0.059873998165130615,762884513,TRX-USD
2022-06-18,0.05987599864602089,0.06198899820446968,0.05723600089550018,0.06092299893498421,0.06092299893498421,1028383584,TRX-USD
2022-06-19,0.06090699881315231,0.0627330020070076,0.05879399925470352,0.06149499863386154,0.06149499863386154,852991390,TRX-USD
2022-06-20,0.061452001333236694,0.061861999332904816,0.05958599969744682,0.06115199998021126,0.06115199998021126,646782356,TRX-USD
2022-06-21,0.06114400178194046,0.06657800078392029,0.06099899858236313,0.06484600156545639,0.06484600156545639,729139975,TRX-USD
2022-06-22,0.06487499922513962,0.06561300158500671,0.06312000006437302,0.06312499940395355,0.06312499940395355,556844383,TRX-USD
2022-06-23,0.063120998442173,0.06446199864149094,0.06207000091671944,0.06374700367450714,0.06374700367450714,470843937,TRX-USD
2022-06-24,0.06374300271272659,0.06661400198936462,0.06363700330257416,0.06590099632740021,0.06590099632740021,588393543,TRX-USD
2022-06-25,0.06590600311756134,0.0661970004439354,0.0637580007314682,0.06491400301456451,0.06491400301456451,450270261,TRX-USD
2022-06-26,0.06490200012922287,0.06581799685955048,0.06414999812841415,0.06496399641036987,0.06496399641036987,429015922,TRX-USD
2022-06-27,0.06497199833393097,0.07005099952220917,0.06493400037288666,0.06707199662923813,0.06707199662923813,783335544,TRX-USD
2022-06-28,0.06706500053405762,0.068121999502182,0.06539099663496017,0.06603799760341644,0.06603799760341644,711602626,TRX-USD
2022-06-29,0.0660339966416359,0.06646899878978729,0.0641700029373169,0.0648299977183342,0.0648299977183342,633531668,TRX-USD
2022-06-30,0.06483300030231476,0.06580899655818939,0.0623369999229908,0.06475500017404556,0.06475500017404556,772177738,TRX-USD
2022-07-01,0.06479199975728989,0.06616000086069107,0.06421999633312225,0.06494399905204773,0.06494399905204773,775984995,TRX-USD
2022-07-02,0.06496799737215042,0.06537599861621857,0.06443899869918823,0.06476599723100662,0.06476599723100662,448329134,TRX-USD
2022-07-03,0.06476899981498718,0.06630700081586838,0.06256099790334702,0.06624600291252136,0.06624600291252136,593842787,TRX-USD
2022-07-04,0.06624200195074081,0.06754299998283386,0.06562300026416779,0.06723800301551819,0.06723800301551819,587238127,TRX-USD
2022-07-05,0.06724400073289871,0.06884299963712692,0.06665799766778946,0.06819400191307068,0.06819400191307068,645612237,TRX-USD
2022-07-06,0.06820300221443176,0.06844499707221985,0.06688500195741653,0.06758599728345871,0.06758599728345871,549364122,TRX-USD
2022-07-07,0.06758599728345871,0.06878100335597992,0.06633999943733215,0.06864400207996368,0.06864400207996368,602740360,TRX-USD
2022-07-08,0.06864199787378311,0.06965000182390213,0.06774500012397766,0.06902199983596802,0.06902199983596802,642392688,TRX-USD
2022-07-09,0.06902900338172913,0.07118699699640274,0.06902900338172913,0.06983300298452377,0.06983300298452377,523762966,TRX-USD
2022-07-10,0.06983499974012375,0.06993299722671509,0.06728500127792358,0.06764700263738632,0.06764700263738632,536501465,TRX-USD
2022-07-11,0.06762699782848358,0.06767400354146957,0.06458800286054611,0.06471800059080124,0.06471800059080124,501527155,TRX-USD
2022-07-12,0.06471700221300125,0.06568200141191483,0.0645349994301796,0.06464400142431259,0.06464400142431259,522121126,TRX-USD
2022-07-13,0.06464599817991257,0.06624399870634079,0.06377200037240982,0.0662430003285408,0.0662430003285408,647000670,TRX-USD
2022-07-14,0.06624399870634079,0.06739000231027603,0.06518000364303589,0.06688199937343597,0.06688199937343597,550380240,TRX-USD
2022-07-15,0.06687700003385544,0.06780499964952469,0.06659100204706192,0.06707099825143814,0.06707099825143814,480306925,TRX-USD
2022-07-16,0.06707199662923813,0.06923100352287292,0.06615000218153,0.06889700144529343,0.06889700144529343,536372612,TRX-USD
2022-07-17,0.0689070001244545,0.06927300244569778,0.06742200255393982,0.06742700189352036,0.06742700189352036,487931457,TRX-USD
2022-07-18,0.0674310028553009,0.07051700353622437,0.06735199689865112,0.0690779983997345,0.0690779983997345,695038392,TRX-USD
2022-07-19,0.0690390020608902,0.06970000267028809,0.0677499994635582,0.06914199888706207,0.06914199888706207,673459607,TRX-USD
2022-07-20,0.06914299726486206,0.07026299834251404,0.06748700141906738,0.06760500371456146,0.06760500371456146,620662504,TRX-USD
2022-07-21,0.06760600209236145,0.06823000311851501,0.06655500084161758,0.06803199648857117,0.06803199648857117,513203358,TRX-USD
2022-07-22,0.06802800297737122,0.06902799755334854,0.06671600043773651,0.06705400347709656,0.06705400347709656,467189246,TRX-USD
2022-07-23,0.06704799830913544,0.06786099821329117,0.06612800061702728,0.06695900112390518,0.06695900112390518,425003130,TRX-USD
2022-07-24,0.06695999950170517,0.06777200102806091,0.066771000623703,0.06694400310516357,0.06694400310516357,436083112,TRX-USD
2022-07-25,0.06694799661636353,0.0669889971613884,0.0638360008597374,0.06385499984025955,0.06385499984025955,522131861,TRX-USD
2022-07-26,0.06383500248193741,0.06533899903297424,0.06313800066709518,0.06533899903297424,0.06533899903297424,470056536,TRX-USD
2022-07-27,0.06534100323915482,0.06866499781608582,0.065140001475811,0.06866499781608582,0.06866499781608582,583569484,TRX-USD
2022-07-28,0.0686660036444664,0.07030300050973892,0.06763599812984467,0.06975600123405457,0.06975600123405457,681131771,TRX-USD
2022-07-29,0.069752998650074,0.07165800034999847,0.06844999641180038,0.06928999722003937,0.06928999722003937,697922778,TRX-USD
2022-07-30,0.06929100304841995,0.0711589977145195,0.06911800056695938,0.06914299726486206,0.06914299726486206,558691097,TRX-USD
2022-07-31,0.06915099918842316,0.07076200097799301,0.068743996322155,0.06894300132989883,0.06894300132989883,492358498,TRX-USD
2022-08-01,0.06893599778413773,0.07134900242090225,0.06840900331735611,0.06993699818849564,0.06993699818849564,496002227,TRX-USD
2022-08-02,0.06993900239467621,0.0704059973359108,0.06792499870061874,0.06837300211191177,0.06837300211191177,494878828,TRX-USD
2022-08-03,0.06837700307369232,0.06916899979114532,0.06741800159215927,0.06782499700784683,0.06782499700784683,372209995,TRX-USD
2022-08-04,0.06782300025224686,0.06942600011825562,0.06769700348377228,0.06894399970769882,0.06894399970769882,388332214,TRX-USD
2022-08-05,0.06893900036811829,0.07005699723958969,0.06835000216960907,0.06982800364494324,0.06982800364494324,354133861,TRX-USD
2022-08-06,0.06982800364494324,0.07054699957370758,0.0694269984960556,0.06947200000286102,0.06947200000286102,292783849,TRX-USD
2022-08-07,0.06947900354862213,0.07020000368356705,0.06920900195837021,0.06963299959897995,0.06963299959897995,280333476,TRX-USD
2022-08-08,0.06963299959897995,0.07101300358772278,0.06962300091981888,0.07011000066995621,0.07011000066995621,330352594,TRX-USD
2022-08-09,0.07010599970817566,0.0708950012922287,0.06833899766206741,0.06847400218248367,0.06847400218248367,381450851,TRX-USD
2022-08-10,0.06847500056028366,0.07036100327968597,0.06803499907255173,0.07032199949026108,0.07032199949026108,374260298,TRX-USD
2022-08-11,0.07031700015068054,0.07104600220918655,0.07008299976587296,0.07033099979162216,0.07033099979162216,375233195,TRX-USD
2022-08-12,0.0703279972076416,0.07066799700260162,0.06946200132369995,0.07045099884271622,0.07045099884271622,348132540,TRX-USD
2022-08-13,0.07045400142669678,0.07117000222206116,0.06967499852180481,0.06990399956703186,0.06990399956703186,341923295,TRX-USD
2022-08-14,0.06991100311279297,0.07214599847793579,0.06964799761772156,0.07039999961853027,0.07039999961853027,449741205,TRX-USD
2022-08-15,0.07040300220251083,0.07104799896478653,0.06840299814939499,0.06893599778413773,0.06893599778413773,427093950,TRX-USD
2022-08-16,0.0689229965209961,0.07036200165748596,0.06847299635410309,0.06971599906682968,0.06971599906682968,395283023,TRX-USD
2022-08-17,0.06971900165081024,0.07086499780416489,0.06803800165653229,0.06821899861097336,0.06821899861097336,420544638,TRX-USD
2022-08-18,0.06823500245809555,0.0685340017080307,0.06744299829006195,0.06744299829006195,0.06744299829006195,380890835,TRX-USD
2022-08-19,0.06744000315666199,0.06744500249624252,0.064021997153759,0.06408199667930603,0.06408199667930603,511432500,TRX-USD
2022-08-20,0.06407900154590607,0.06578999757766724,0.06407900154590607,0.06578899919986725,0.06578899919986725,366457637,TRX-USD
2022-08-21,0.06578099727630615,0.06630799919366837,0.06479500234127045,0.06598299741744995,0.06598299741744995,338437993,TRX-USD
2022-08-22,0.06598199903964996,0.0662039965391159,0.06463100016117096,0.0655599981546402,0.0655599981546402,372955310,TRX-USD
2022-08-23,0.0655599981546402,0.06669600307941437,0.06496299803256989,0.06625799834728241,0.06625799834728241,478282039,TRX-USD
2022-08-24,0.06625299900770187,0.06634300202131271,0.0648379996418953,0.0648529976606369,0.0648529976606369,444387152,TRX-USD
2022-08-25,0.06485600024461746,0.06573399901390076,0.06482099741697311,0.06550200283527374,0.06550200283527374,401181549,TRX-USD
2022-08-26,0.06549300253391266,0.06560000032186508,0.061546001583337784,0.06164800003170967,0.06164800003170967,580164367,TRX-USD
2022-08-27,0.061650000512599945,0.06297100335359573,0.06124100089073181,0.06289999932050705,0.06289999932050705,420606764,TRX-USD
2022-08-28,0.06290200352668762,0.06311699748039246,0.06147100031375885,0.06147100031375885,0.06147100031375885,296252044,TRX-USD
2022-08-29,0.061468999832868576,0.06338299810886383,0.06106700003147125,0.06336099654436111,0.06336099654436111,373308078,TRX-USD
2022-08-30,0.0633620023727417,0.06654299795627594,0.06296200305223465,0.06469599902629852,0.06469599902629852,683289145,TRX-USD
2022-08-31,0.06470099836587906,0.0654899999499321,0.06333599984645844,0.06340699642896652,0.06340699642896652,425044110,TRX-USD
2022-09-01,0.06341099739074707,0.06367400288581848,0.06216200068593025,0.06324999779462814,0.06324999779462814,387409445,TRX-USD
2022-09-02,0.06324300169944763,0.06353099644184113,0.062376998364925385,0.0625929981470108,0.0625929981470108,358864875,TRX-USD
2022-09-03,0.06259000301361084,0.06311199814081192,0.06247999891638756,0.06311199814081192,0.06311199814081192,260862804,TRX-USD
2022-09-04,0.063120998442173,0.06359700113534927,0.06265199929475784,0.06351999938488007,0.06351999938488007,269500806,TRX-USD
2022-09-05,0.06351900100708008,0.06358999758958817,0.06252700090408325,0.06295499950647354,0.06295499950647354,322145597,TRX-USD
2022-09-06,0.06295900046825409,0.06399600207805634,0.06064800173044205,0.06076499819755554,0.06076499819755554,465026871,TRX-USD
2022-09-07,0.060756999999284744,0.061873000115156174,0.060221001505851746,0.06181899830698967,0.06181899830698967,399831007,TRX-USD
2022-09-08,0.06181500107049942,0.06187000125646591,0.06018799915909767,0.06122799962759018,0.06122799962759018,455218021,TRX-USD
2022-09-09,0.061230000108480453,0.06361500173807144,0.06118600070476532,0.0634159967303276,0.0634159967303276,462054727,TRX-USD
2022-09-10,0.06341800093650818,0.06468299776315689,0.06312000006437302,0.06466899812221527,0.06466899812221527,425003560,TRX-USD
2022-09-11,0.06466799974441528,0.06492599844932556,0.06366900354623795,0.06409800052642822,0.06409800052642822,359330842,TRX-USD
2022-09-12,0.06409599632024765,0.06466100364923477,0.06324800103902817,0.06382299959659576,0.06382299959659576,430598942,TRX-USD
2022-09-13,0.0638199970126152,0.0638820007443428,0.060649000108242035,0.06109600141644478,0.06109600141644478,408384338,TRX-USD
2022-09-14,0.06072700023651123,0.06170300021767616,0.060649000108242035,0.061608001589775085,0.061608001589775085,348252168,TRX-USD
2022-09-15,0.0616069994866848,0.06190799921751022,0.06067899987101555,0.06125300005078316,0.06125300005078316,397542060,TRX-USD
2022-09-16,0.061257001012563705,0.06157800182700157,0.060736000537872314,0.061292000114917755,0.061292000114917755,351830909,TRX-USD
2022-09-17,0.06129499897360802,0.06229399889707565,0.06129299849271774,0.06228800117969513,0.06228800117969513,262000923,TRX-USD
2022-09-18,0.062286000698804855,0.0625780001282692,0.06085899844765663,0.06087600067257881,0.06087600067257881,313019265,TRX-USD
2022-09-19,0.060869000852108,0.0611799992620945,0.059418998658657074,0.06033499911427498,0.06033499911427498,403942833,TRX-USD
2022-09-20,0.06032099947333336,0.06060599908232689,0.05952100083231926,0.059748001396656036,0.059748001396656036,353093809,TRX-USD
2022-09-21,0.059748001396656036,0.0611720010638237,0.058848001062870026,0.05919399857521057,0.05919399857521057,431504689,TRX-USD
2022-09-22,0.05918100103735924,0.06033499911427498,0.05883599817752838,0.06026000156998634,0.06026000156998634,359264471,TRX-USD
2022-09-23,0.06026000156998634,0.061115000396966934,0.05936000123620033,0.060446999967098236,0.060446999967098236,376538249,TRX-USD
2022-09-24,0.06044600158929825,0.060860998928546906,0.0596809983253479,0.05987099930644035,0.05987099930644035,300528950,TRX-USD
2022-09-25,0.05986800044775009,0.06026899814605713,0.05952899903059006,0.05972699820995331,0.05972699820995331,267696551,TRX-USD
2022-09-26,0.05973200127482414,0.05984700098633766,0.059039998799562454,0.05954800173640251,0.05954800173640251,378865177,TRX-USD
2022-09-27,0.059546999633312225,0.06081400066614151,0.05910300090909004,0.05940999835729599,0.05940999835729599,347069034,TRX-USD
2022-09-28,0.059401001781225204,0.05986100062727928,0.058522000908851624,0.05959499999880791,0.05959499999880791,350944981,TRX-USD
2022-09-29,0.05959700047969818,0.06180199980735779,0.059390000998973846,0.0610320009291172,0.0610320009291172,425995005,TRX-USD
2022-09-30,0.06103400141000748,0.06223300099372864,0.0603800006210804,0.061014000326395035,0.061014000326395035,450033099,TRX-USD
2022-10-01,0.06100799888372421,0.06138800084590912,0.06017100065946579,0.060474999248981476,0.060474999248981476,292352772,TRX-USD
2022-10-02,0.06047699972987175,0.06184900179505348,0.06044900044798851,0.060878999531269073,0.060878999531269073,388404433,TRX-USD
2022-10-03,0.06088300049304962,0.061462998390197754,0.060826998203992844,0.06139399856328964,0.06139399856328964,318156914,TRX-USD
2022-10-04,0.06139200180768967,0.06243100017309189,0.0611100010573864,0.06232000142335892,0.06232000142335892,302584824,TRX-USD
2022-10-05,0.06231699883937836,0.06264899671077728,0.06198799982666969,0.06242600083351135,0.06242600083351135,290676174,TRX-USD
2022-10-06,0.0624300017952919,0.06313499808311462,0.062091000378131866,0.06278400123119354,0.06278400123119354,344121613,TRX-USD
2022-10-07,0.06278599798679352,0.06321699917316437,0.06211100146174431,0.06249900162220001,0.06249900162220001,299943015,TRX-USD
2022-10-08,0.062497999519109726,0.06270000338554382,0.06189500167965889,0.06207200139760971,0.06207200139760971,252050650,TRX-USD
2022-10-09,0.06206899881362915,0.06273899972438812,0.06199900060892105,0.06242699921131134,0.06242699921131134,226469326,TRX-USD
2022-10-10,0.06242800131440163,0.06492400169372559,0.06234100088477135,0.06283199787139893,0.06283199787139893,565904749,TRX-USD
2022-10-11,0.06282400339841843,0.06282400339841843,0.06132600083947182,0.06162700057029724,0.06162700057029724,352174118,TRX-USD
2022-10-12,0.061632998287677765,0.06431800127029419,0.06125300005078316,0.06177600100636482,0.06177600100636482,475164602,TRX-USD
2022-10-13,0.061769999563694,0.062192000448703766,0.05950799956917763,0.0610090009868145,0.0610090009868145,484368346,TRX-USD
2022-10-14,0.061007000505924225,0.06500600278377533,0.06082500144839287,0.06394100189208984,0.06394100189208984,698236582,TRX-USD
2022-10-15,0.06396599858999252,0.06493999809026718,0.06181899830698967,0.06182299926877022,0.06182299926877022,476732078,TRX-USD
2022-10-16,0.061824001371860504,0.061990998685359955,0.06128399819135666,0.061820998787879944,0.061820998787879944,300535408,TRX-USD
2022-10-17,0.061820998787879944,0.06292899698019028,0.061737000942230225,0.06266500055789948,0.06266500055789948,350961967,TRX-USD
2022-10-18,0.06266699731349945,0.06293100118637085,0.061769999563694,0.06216999888420105,0.06216999888420105,334605707,TRX-USD
2022-10-19,0.062167998403310776,0.06302200257778168,0.061774998903274536,0.06178300082683563,0.06178300082683563,384236864,TRX-USD
2022-10-20,0.061778001487255096,0.062609001994133,0.061590999364852905,0.062212999910116196,0.062212999910116196,309499843,TRX-USD
2022-10-21,0.06221099942922592,0.06284499913454056,0.06084800139069557,0.06166199967265129,0.06166199967265129,335452050,TRX-USD
2022-10-22,0.0616610012948513,0.06195199862122536,0.06124899908900261,0.06164000183343887,0.06164000183343887,255324499,TRX-USD
2022-10-23,0.06163899973034859,0.06195500120520592,0.06117299944162369,0.061879999935626984,0.061879999935626984,275426762,TRX-USD
2022-10-24,0.06188099831342697,0.0619719997048378,0.06129299849271774,0.061365000903606415,0.061365000903606415,281871241,TRX-USD
2022-10-25,0.061361998319625854,0.06283000111579895,0.06121499836444855,0.06241200119256973,0.06241200119256973,318898262,TRX-USD
2022-10-26,0.062403999269008636,0.06370099633932114,0.06232399865984917,0.0634320005774498,0.0634320005774498,365580095,TRX-USD
2022-10-27,0.06343500316143036,0.06409099698066711,0.06280899792909622,0.06297899782657623,0.06297899782657623,359452196,TRX-USD
2022-10-28,0.06297899782657623,0.06372500211000443,0.06270299851894379,0.06356199830770493,0.06356199830770493,320154857,TRX-USD
2022-10-29,0.06356299668550491,0.06442499905824661,0.0635169968008995,0.06418000161647797,0.06418000161647797,362144152,TRX-USD
2022-10-30,0.0641769990324974,0.06472499668598175,0.0630199983716011,0.06313599646091461,0.06313599646091461,324343312,TRX-USD
2022-10-31,0.06313499808311462,0.06333799660205841,0.062497999519109726,0.0633080005645752,0.0633080005645752,349700848,TRX-USD
2022-11-01,0.06329800188541412,0.06339500099420547,0.06258799880743027,0.06281500309705734,0.06281500309705734,300855552,TRX-USD
2022-11-02,0.06281299889087677,0.06299299746751785,0.06151299923658371,0.06156099960207939,0.06156099960207939,394994112,TRX-USD
2022-11-03,0.061563000082969666,0.06240199878811836,0.061507001519203186,0.061788998544216156,0.061788998544216156,335386203,TRX-USD
2022-11-04,0.061771001666784286,0.06375300139188766,0.061597999185323715,0.06375300139188766,0.06375300139188766,356635032,TRX-USD
2022-11-05,0.06375499814748764,0.06468400359153748,0.06345199793577194,0.06359100341796875,0.06359100341796875,370671030,TRX-USD
2022-11-06,0.0635949969291687,0.06523700058460236,0.06268099695444107,0.06275299936532974,0.06275299936532974,392399490,TRX-USD
2022-11-07,0.06274999678134918,0.0629659965634346,0.06190299987792969,0.06227999925613403,0.06227999925613403,348936354,TRX-USD
2022-11-08,0.062268998473882675,0.06293399631977081,0.05716799944639206,0.05876300111413002,0.05876300111413002,934087523,TRX-USD
2022-11-09,0.05875900015234947,0.06457799673080444,0.05307700112462044,0.0535379983484745,0.0535379983484745,1840550752,TRX-USD
2022-11-10,0.05353099852800369,0.0604030005633831,0.05276999995112419,0.0577239990234375,0.0577239990234375,1717038445,TRX-USD
2022-11-11,0.05772100016474724,0.05792500078678131,0.0544780008494854,0.05587000027298927,0.05587000027298927,632540724,TRX-USD
2022-11-12,0.055879998952150345,0.055980999022722244,0.05305799841880798,0.05494900047779083,0.05494900047779083,436532708,TRX-USD
2022-11-13,0.05495300143957138,0.05616400018334389,0.05060499906539917,0.050891000777482986,0.050891000777482986,656554023,TRX-USD
2022-11-14,0.05088699981570244,0.05246400088071823,0.04579799994826317,0.05011399835348129,0.05011399835348129,1022630202,TRX-USD
2022-11-15,0.05011200159788132,0.05157700181007385,0.04949599876999855,0.05067100003361702,0.05067100003361702,482268226,TRX-USD
2022-11-16,0.05067100003361702,0.05116000026464462,0.04960300028324127,0.05020799860358238,0.05020799860358238,400076924,TRX-USD
2022-11-17,0.05020799860358238,0.05036599934101105,0.049038998782634735,0.05004600062966347,0.05004600062966347,332743394,TRX-USD
2022-11-18,0.05004499852657318,0.05097400024533272,0.050039999186992645,0.050666000694036484,0.050666000694036484,283468072,TRX-USD
2022-11-19,0.0506649985909462,0.05252800136804581,0.050574999302625656,0.05216199904680252,0.05216199904680252,319861070,TRX-USD
2022-11-20,0.05216300114989281,0.052361998707056046,0.049865998327732086,0.0500359982252121,0.0500359982252121,270430040,TRX-USD
2022-11-21,0.05003200098872185,0.05143100023269653,0.04936100170016289,0.05140800029039383,0.05140800029039383,513977626,TRX-USD
2022-11-22,0.05140100046992302,0.052448999136686325,0.04911499843001366,0.05062500014901161,0.05062500014901161,659551825,TRX-USD
2022-11-23,0.050624001771211624,0.051784999668598175,0.05025799944996834,0.05173699930310249,0.05173699930310249,404275672,TRX-USD
2022-11-24,0.05173899978399277,0.05355599895119667,0.05146700143814087,0.05288799852132797,0.05288799852132797,396895080,TRX-USD
2022-11-25,0.05288200080394745,0.05323899909853935,0.05211900174617767,0.05295500159263611,0.05295500159263611,275859172,TRX-USD
2022-11-26,0.05295500159263611,0.053575001657009125,0.052570000290870667,0.05278800055384636,0.05278800055384636,214200709,TRX-USD
2022-11-27,0.052786000072956085,0.054085999727249146,0.052786000072956085,0.05323699861764908,0.05323699861764908,201816035,TRX-USD
2022-11-28,0.05322600156068802,0.05390999838709831,0.052094001322984695,0.05303100124001503,0.05303100124001503,286606539,TRX-USD
2022-11-29,0.05303400009870529,0.05428300052881241,0.052880000323057175,0.053312998265028,0.053312998265028,238145016,TRX-USD
2022-11-30,0.053314000368118286,0.05473800003528595,0.053307998925447464,0.054625000804662704,0.054625000804662704,222788976,TRX-USD
2022-12-01,0.054625000804662704,0.054962001740932465,0.05408399924635887,0.05415400117635727,0.05415400117635727,197459343,TRX-USD
2022-12-02,0.054159000515937805,0.05444600060582161,0.05388600006699562,0.05442100018262863,0.05442100018262863,176550181,TRX-USD
2022-12-03,0.05442599952220917,0.05454700067639351,0.05358399823307991,0.053638000041246414,0.053638000041246414,150496348,TRX-USD
2022-12-04,0.053638000041246414,0.05409599840641022,0.05300600081682205,0.05319400131702423,0.05319400131702423,179442292,TRX-USD
2022-12-05,0.05319000035524368,0.05371600016951561,0.05305999889969826,0.0533050000667572,0.0533050000667572,216644848,TRX-USD
2022-12-06,0.053307000547647476,0.053690001368522644,0.052685998380184174,0.053661998361349106,0.053661998361349106,193239705,TRX-USD
2022-12-07,0.053658001124858856,0.053658001124858856,0.05251099914312363,0.053109001368284225,0.053109001368284225,193776336,TRX-USD
2022-12-08,0.053109001368284225,0.05449200049042702,0.053022999316453934,0.05449200049042702,0.05449200049042702,164264332,TRX-USD
2022-12-09,0.05448799952864647,0.05499200150370598,0.05431000143289566,0.054653000086545944,0.054653000086545944,175235859,TRX-USD
2022-12-10,0.05465099960565567,0.05528999865055084,0.05465099960565567,0.05479000136256218,0.05479000136256218,159988846,TRX-USD
2022-12-11,0.054795000702142715,0.05493199825286865,0.05380399897694588,0.053950998932123184,0.053950998932123184,119167446,TRX-USD
2022-12-12,0.05394899845123291,0.05394899845123291,0.0521089993417263,0.05350499972701073,0.05350499972701073,253168878,TRX-USD
2022-12-13,0.05350000038743019,0.05447100102901459,0.05259200185537338,0.05443299934267998,0.05443299934267998,261654719,TRX-USD
2022-12-14,0.054434001445770264,0.05741799995303154,0.054434001445770264,0.0556659996509552,0.0556659996509552,282065146,TRX-USD
2022-12-15,0.05565999820828438,0.05602699890732765,0.055229999125003815,0.05577399954199791,0.05577399954199791,199442912,TRX-USD
2022-12-16,0.05577300116419792,0.056102000176906586,0.05272499844431877,0.05295500159263611,0.05295500159263611,240564735,TRX-USD
2022-12-17,0.052967000752687454,0.05488799884915352,0.05207199975848198,0.05487100034952164,0.05487100034952164,225983901,TRX-USD
2022-12-18,0.054868001490831375,0.055055998265743256,0.05344200134277344,0.05378799885511398,0.05378799885511398,167766398,TRX-USD
2022-12-19,0.05379100143909454,0.05421999841928482,0.05326399952173233,0.05363199859857559,0.05363199859857559,187707442,TRX-USD
2022-12-20,0.05363199859857559,0.055163998156785965,0.05355999991297722,0.05498500168323517,0.05498500168323517,184653754,TRX-USD
2022-12-21,0.054986000061035156,0.05541500076651573,0.05462900176644325,0.05484699830412865,0.05484699830412865,137005094,TRX-USD
2022-12-22,0.05485700070858002,0.05576999858021736,0.05468500033020973,0.05555199831724167,0.05555199831724167,162724426,TRX-USD
2022-12-23,0.05555399879813194,0.05567599833011627,0.05418999865651131,0.054235998541116714,0.054235998541116714,149471811,TRX-USD
2022-12-24,0.05423400178551674,0.05480799823999405,0.05412700027227402,0.0547420009970665,0.0547420009970665,101569505,TRX-USD
2022-12-25,0.05474099889397621,0.05486400052905083,0.05425899848341942,0.05481399968266487,0.05481399968266487,112729218,TRX-USD
2022-12-26,0.05481899902224541,0.054999999701976776,0.0543459989130497,0.054552000015974045,0.054552000015974045,116647160,TRX-USD
2022-12-27,0.05455499887466431,0.05468999966979027,0.053784001618623734,0.05410600081086159,0.05410600081086159,146077041,TRX-USD
2022-12-28,0.0541049987077713,0.05460200086236,0.0533749982714653,0.054145000874996185,0.054145000874996185,165230958,TRX-USD
2022-12-29,0.054145000874996185,0.05446299910545349,0.05333299934864044,0.05401400104165077,0.05401400104165077,159780714,TRX-USD
2022-12-30,0.054012998938560486,0.05444499850273132,0.0536470003426075,0.05437399819493294,0.05437399819493294,160347943,TRX-USD
2022-12-31,0.05437599867582321,0.055041998624801636,0.054363999515771866,0.054499998688697815,0.054499998688697815,128634359,TRX-USD
2023-01-01,0.05449799820780754,0.0549359992146492,0.05445700138807297,0.05482000112533569,0.05482000112533569,100273280,TRX-USD
2023-01-02,0.05481800064444542,0.0553940013051033,0.05450500175356865,0.055156998336315155,0.055156998336315155,138920680,TRX-USD
2023-01-03,0.05515899881720543,0.0554950013756752,0.05478899925947189,0.05483299866318703,0.05483299866318703,130813322,TRX-USD
2023-01-04,0.05483400076627731,0.05561799928545952,0.054448001086711884,0.05473199859261513,0.05473199859261513,176956208,TRX-USD
2023-01-05,0.05473199859261513,0.05497799813747406,0.05345999822020531,0.05366099998354912,0.05366099998354912,182910374,TRX-USD
2023-01-06,0.0536700002849102,0.05388600006699562,0.05006999894976616,0.052494000643491745,0.052494000643491745,769019622,TRX-USD
2023-01-07,0.05249200016260147,0.052813999354839325,0.051493000239133835,0.05201900005340576,0.05201900005340576,277255900,TRX-USD
2023-01-08,0.052014000713825226,0.053814999759197235,0.051392000168561935,0.053814999759197235,0.053814999759197235,202055018,TRX-USD
2023-01-09,0.053895000368356705,0.05637099966406822,0.05379100143909454,0.05462599918246269,0.05462599918246269,374224118,TRX-USD
2023-01-10,0.05462399870157242,0.054903000593185425,0.05400500074028969,0.05478199943900108,0.05478199943900108,196148451,TRX-USD
2023-01-11,0.05478699877858162,0.05648599937558174,0.05471400171518326,0.05648599937558174,0.05648599937558174,209852698,TRX-USD
2023-01-12,0.056777000427246094,0.05725700035691261,0.055867999792099,0.057110998779535294,0.057110998779535294,241844702,TRX-USD
2023-01-13,0.057110998779535294,0.06046599894762039,0.05691099911928177,0.06001099944114685,0.06001099944114685,258403126,TRX-USD
2023-01-14,0.06000899896025658,0.06558699905872345,0.06000899896025658,0.06187500059604645,0.06187500059604645,566265041,TRX-USD
2023-01-15,0.061875998973846436,0.06272699683904648,0.06078900024294853,0.062355998903512955,0.062355998903512955,266691428,TRX-USD
2023-01-16,0.06235300004482269,0.06316699832677841,0.06150300055742264,0.0624300017952919,0.0624300017952919,249155140,TRX-USD
2023-01-17,0.062431998550891876,0.06249300017952919,0.06157499924302101,0.06172600015997887,0.06172600015997887,214020771,TRX-USD
2023-01-18,0.06172600015997887,0.06235300004482269,0.05900299921631813,0.05900299921631813,0.05900299921631813,260102160,TRX-USD
2023-01-19,0.05899700149893761,0.06024099886417389,0.0589199997484684,0.06015300005674362,0.06015300005674362,170235362,TRX-USD
2023-01-20,0.060148000717163086,0.06285999715328217,0.05998200178146362,0.06283099949359894,0.06283099949359894,193161022,TRX-USD
2023-01-21,0.06282400339841843,0.06309600174427032,0.06172600015997887,0.06173200160264969,0.06173200160264969,260535017,TRX-USD
2023-01-22,0.06173799932003021,0.06261800229549408,0.060926999896764755,0.06167899817228317,0.06167899817228317,209391461,TRX-USD
2023-01-23,0.06168200075626373,0.06316699832677841,0.06142599880695343,0.06282299757003784,0.06282299757003784,224484708,TRX-USD
2023-01-24,0.06280999630689621,0.06344199925661087,0.05996299907565117,0.060203999280929565,0.060203999280929565,228798004,TRX-USD
2023-01-25,0.060208000242710114,0.06262599676847458,0.05943499878048897,0.061841998249292374,0.061841998249292374,220414744,TRX-USD
2023-01-26,0.061827998608350754,0.06209700182080269,0.06135400012135506,0.0617309994995594,0.0617309994995594,189522704,TRX-USD
2023-01-27,0.061733998358249664,0.06418800354003906,0.06104699894785881,0.06358200311660767,0.06358200311660767,321741026,TRX-USD
2023-01-28,0.06358499825000763,0.06391499936580658,0.062206000089645386,0.06309200078248978,0.06309200078248978,232264924,TRX-USD
2023-01-29,0.06309600174427032,0.06436599791049957,0.06299799680709839,0.06379400193691254,0.06379400193691254,298809875,TRX-USD
2023-01-30,0.06379300355911255,0.06396199762821198,0.06165299937129021,0.06224700063467026,0.06224700063467026,322622838,TRX-USD
2023-01-31,0.06224999949336052,0.06304199993610382,0.06178800016641617,0.062219999730587006,0.062219999730587006,272093600,TRX-USD
2023-02-01,0.06221799924969673,0.06332100182771683,0.06153300032019615,0.06319300085306168,0.06319300085306168,281503052,TRX-USD
2023-02-02,0.06318099796772003,0.06533399969339371,0.06316699832677841,0.06376100331544876,0.06376100331544876,408694985,TRX-USD
2023-02-03,0.06375899910926819,0.06471200287342072,0.06361900269985199,0.06412199884653091,0.06412199884653091,331119561,TRX-USD
2023-02-04,0.06412199884653091,0.06443899869918823,0.06322299689054489,0.06382399797439575,0.06382399797439575,240138022,TRX-USD
2023-02-05,0.06382399797439575,0.06565000116825104,0.0633080005645752,0.06408499926328659,0.06408499926328659,383628012,TRX-USD
2023-02-06,0.06409099698066711,0.0644489973783493,0.06289699673652649,0.06319399923086166,0.06319399923086166,263575211,TRX-USD
2023-02-07,0.06318400055170059,0.06585200130939484,0.06315500289201736,0.06577400118112564,0.06577400118112564,391361423,TRX-USD
2023-02-08,0.06577300280332565,0.06934300065040588,0.06556999683380127,0.06687399744987488,0.06687399744987488,627966026,TRX-USD
2023-02-09,0.06687100231647491,0.06702499836683273,0.062125999480485916,0.06261400133371353,0.06261400133371353,649103224,TRX-USD
2023-02-10,0.06261599808931351,0.06388600170612335,0.0624690018594265,0.0633229985833168,0.0633229985833168,341903614,TRX-USD
2023-02-11,0.06332500278949738,0.06404200196266174,0.06322800368070602,0.0638049989938736,0.0638049989938736,192015517,TRX-USD
2023-02-12,0.06379900127649307,0.0650779977440834,0.06366900354623795,0.06383699923753738,0.06383699923753738,188947371,TRX-USD
2023-02-13,0.06383199989795685,0.06567800045013428,0.06319999694824219,0.06560000032186508,0.06560000032186508,312370710,TRX-USD
2023-02-14,0.0655980035662651,0.0668250024318695,0.06518799811601639,0.06674599647521973,0.06674599647521973,278017069,TRX-USD
2023-02-15,0.0667480006814003,0.07083799690008163,0.0667480006814003,0.07082100212574005,0.07082100212574005,354951527,TRX-USD
2023-02-16,0.07082200050354004,0.07141900062561035,0.0668490007519722,0.06688199937343597,0.06688199937343597,396517012,TRX-USD
2023-02-17,0.06687500327825546,0.0714849978685379,0.06664899736642838,0.07045699656009674,0.07045699656009674,367932392,TRX-USD
2023-02-18,0.07045000046491623,0.07104600220918655,0.06979499757289886,0.07013799995183945,0.07013799995183945,226753466,TRX-USD
2023-02-19,0.07013200223445892,0.07155899703502655,0.06982100009918213,0.07038500159978867,0.07038500159978867,227740238,TRX-USD
2023-02-20,0.07041700184345245,0.0728909969329834,0.06972900032997131,0.07193999737501144,0.07193999737501144,378596767,TRX-USD
2023-02-21,0.0719359964132309,0.07203499972820282,0.06910999864339828,0.06946700066328049,0.06946700066328049,303772124,TRX-USD
2023-02-22,0.06947000324726105,0.06962200254201889,0.06827999651432037,0.06943400204181671,0.06943400204181671,240981973,TRX-USD
2023-02-23,0.06943300366401672,0.07035399973392487,0.06911200284957886,0.06959400326013565,0.06959400326013565,216718423,TRX-USD
2023-02-24,0.0695900022983551,0.0699860006570816,0.06745699793100357,0.06785199791193008,0.06785199791193008,216581383,TRX-USD
2023-02-25,0.06785599887371063,0.06874699890613556,0.06693200021982193,0.06783399730920792,0.06783399730920792,206862281,TRX-USD
2023-02-26,0.06783100217580795,0.06968999654054642,0.06781599670648575,0.0695130005478859,0.0695130005478859,191149284,TRX-USD
2023-02-27,0.06951099634170532,0.06965599954128265,0.06848900020122528,0.06939700245857239,0.06939700245857239,219217373,TRX-USD
2023-02-28,0.06940300017595291,0.0697769969701767,0.06866200268268585,0.06901100277900696,0.06901100277900696,206608576,TRX-USD
2023-03-01,0.06901499629020691,0.07025499641895294,0.06883300095796585,0.0698779970407486,0.0698779970407486,213887807,TRX-USD
2023-03-02,0.06987600028514862,0.0701489970088005,0.06904400140047073,0.06965100020170212,0.06965100020170212,208539788,TRX-USD
2023-03-03,0.06965100020170212,0.06976699829101562,0.06661999970674515,0.06715899705886841,0.06715899705886841,262446714,TRX-USD
2023-03-04,0.06715700030326843,0.0675249993801117,0.06618700176477432,0.06668400019407272,0.06668400019407272,183966665,TRX-USD
2023-03-05,0.06668700277805328,0.06779100000858307,0.06658200174570084,0.06725600361824036,0.06725600361824036,164056033,TRX-USD
2023-03-06,0.06725499778985977,0.06764200329780579,0.06674300134181976,0.06740099936723709,0.06740099936723709,186105196,TRX-USD
2023-03-07,0.06740099936723709,0.06762699782848358,0.06583800166845322,0.06626299768686295,0.06626299768686295,221770992,TRX-USD
2023-03-08,0.06626299768686295,0.0665149986743927,0.06488700211048126,0.06526000052690506,0.06526000052690506,211024622,TRX-USD
2023-03-09,0.06526099890470505,0.06618300080299377,0.05722999945282936,0.05845699831843376,0.05845699831843376,456504522,TRX-USD
2023-03-10,0.05846099928021431,0.05863099917769432,0.05575399845838547,0.05741700157523155,0.05741700157523155,517634913,TRX-USD
2023-03-11,0.05742400139570236,0.05929199978709221,0.05538000166416168,0.05927199870347977,0.05927199870347977,416436742,TRX-USD
2023-03-12,0.05926999822258949,0.06471399962902069,0.05894000083208084,0.06470999866724014,0.06470999866724014,347554981,TRX-USD
2023-03-13,0.06473100185394287,0.0687209963798523,0.06473100185394287,0.06722000241279602,0.06722000241279602,629423181,TRX-USD
2023-03-14,0.06721299886703491,0.06907600164413452,0.06610500067472458,0.06713300198316574,0.06713300198316574,479935465,TRX-USD
2023-03-15,0.0671439990401268,0.06794100254774094,0.06440100073814392,0.06531299650669098,0.06531299650669098,351647072,TRX-USD
2023-03-16,0.06532400101423264,0.06681100279092789,0.06515300273895264,0.06536699831485748,0.06536699831485748,284940911,TRX-USD
2023-03-17,0.0653659999370575,0.06794600188732147,0.06499999761581421,0.06779500097036362,0.06779500097036362,298647153,TRX-USD
2023-03-18,0.06778799742460251,0.06817299872636795,0.06561700254678726,0.06587699800729752,0.06587699800729752,266466762,TRX-USD
2023-03-19,0.06587900221347809,0.06737799942493439,0.0658779963850975,0.06676899641752243,0.06676899641752243,227466259,TRX-USD
2023-03-20,0.06676000356674194,0.06707999855279922,0.06507200002670288,0.06511099636554718,0.06511099636554718,257085180,TRX-USD
2023-03-21,0.06512600183486938,0.06727699935436249,0.06509999930858612,0.0671830028295517,0.0671830028295517,272449145,TRX-USD
2023-03-22,0.06717800348997116,0.068121999502182,0.05748099833726883,0.0598750002682209,0.0598750002682209,656303403,TRX-USD
2023-03-23,0.05987200140953064,0.06648799777030945,0.05962200090289116,0.06526300311088562,0.06526300311088562,578593453,TRX-USD
2023-03-24,0.06526300311088562,0.06550399959087372,0.06292299926280975,0.06344299763441086,0.06344299763441086,326386910,TRX-USD
2023-03-25,0.06344500184059143,0.06432999670505524,0.06289199739694595,0.06372299790382385,0.06372299790382385,212310172,TRX-USD
2023-03-26,0.06372399628162384,0.0648220032453537,0.06351900100708008,0.0642160028219223,0.0642160028219223,198798457,TRX-USD
2023-03-27,0.06421799957752228,0.06436900049448013,0.06204799935221672,0.0635799989104271,0.0635799989104271,241874730,TRX-USD
2023-03-28,0.0635799989104271,0.06444499641656876,0.06338199973106384,0.06421499699354172,0.06421499699354172,215581345,TRX-USD
2023-03-29,0.06421100348234177,0.06541500240564346,0.06405899673700333,0.0643410012125969,0.0643410012125969,240013427,TRX-USD
2023-03-30,0.06434399634599686,0.06534100323915482,0.06383799761533737,0.06481999903917313,0.06481999903917313,258652353,TRX-USD
2023-03-31,0.06482700258493423,0.06610199809074402,0.06449799984693527,0.06561599671840668,0.06561599671840668,224600778,TRX-USD
2023-04-01,0.06561499834060669,0.06708899885416031,0.06543000042438507,0.06684199720621109,0.06684199720621109,219808205,TRX-USD
2023-04-02,0.06645499914884567,0.06687100231647491,0.06495799869298935,0.06531199812889099,0.06531199812889099,187174703,TRX-USD
2023-04-03,0.06530199944972992,0.06614600121974945,0.06439799815416336,0.06576099991798401,0.06576099991798401,226414717,TRX-USD
2023-04-04,0.06575699895620346,0.06674200296401978,0.06567700207233429,0.06578300148248672,0.06578300148248672,228568032,TRX-USD
2023-04-05,0.06578200310468674,0.06660900264978409,0.06547799706459045,0.06610900163650513,0.06610900163650513,200006422,TRX-USD
2023-04-06,0.06611400097608566,0.06667099893093109,0.06573300063610077,0.06609799712896347,0.06609799712896347,220436025,TRX-USD
2023-04-07,0.0660960003733635,0.0664839968085289,0.0656609982252121,0.06611300259828568,0.06611300259828568,175108623,TRX-USD
2023-04-08,0.06611000001430511,0.06656699627637863,0.06581000238656998,0.06615299731492996,0.06615299731492996,161228526,TRX-USD
2023-04-09,0.06615400314331055,0.06686700135469437,0.0659710019826889,0.06665199995040894,0.06665199995040894,160496297,TRX-USD
2023-04-10,0.06665399670600891,0.06740500032901764,0.06629099696874619,0.06733600050210953,0.06733600050210953,208000060,TRX-USD
2023-04-11,0.0673379972577095,0.06769400089979172,0.06567700207233429,0.06643199920654297,0.06643199920654297,314766026,TRX-USD
2023-04-12,0.06643299758434296,0.06649699807167053,0.06259600073099136,0.06502600014209747,0.06502600014209747,263863465,TRX-USD
2023-04-13,0.06509699672460556,0.06548099964857101,0.06469500064849854,0.06530900299549103,0.06530900299549103,239705567,TRX-USD
2023-04-14,0.06531000137329102,0.0668879970908165,0.06525000184774399,0.06625799834728241,0.06625799834728241,249121640,TRX-USD
2023-04-15,0.06625600159168243,0.06625600159168243,0.06562499701976776,0.06600099802017212,0.06600099802017212,160719155,TRX-USD
2023-04-16,0.06599800288677216,0.06667999923229218,0.06578800082206726,0.06655199825763702,0.06655199825763702,138908766,TRX-USD
2023-04-17,0.06655299663543701,0.06661699712276459,0.06549400091171265,0.06578399986028671,0.06578399986028671,186846117,TRX-USD
2023-04-18,0.0657849982380867,0.06679800152778625,0.06566599756479263,0.06676200032234192,0.06676200032234192,182633505,TRX-USD
2023-04-19,0.0667639970779419,0.06711799651384354,0.06510599702596664,0.06584899872541428,0.06584899872541428,284488433,TRX-USD
2023-04-20,0.06583499908447266,0.06661500036716461,0.06486299633979797,0.06541299819946289,0.06541299819946289,260052069,TRX-USD
2023-04-21,0.06541299819946289,0.06595800071954727,0.06439399719238281,0.0650010034441948,0.0650010034441948,203170564,TRX-USD
2023-04-22,0.06499800086021423,0.06612999737262726,0.06491599977016449,0.06607499718666077,0.06607499718666077,186829871,TRX-USD
2023-04-23,0.06607399880886078,0.06695400178432465,0.06571000069379807,0.06667699664831161,0.06667699664831161,179889691,TRX-USD
2023-04-24,0.06667400151491165,0.06696800142526627,0.06593099981546402,0.06614000350236893,0.06614000350236893,183407395,TRX-USD
2023-04-25,0.06613899767398834,0.0662039965391159,0.06528999656438828,0.0658629983663559,0.0658629983663559,174903064,TRX-USD
2023-04-26,0.06586100161075592,0.06704899668693542,0.06421300023794174,0.06518299877643585,0.06518299877643585,260293408,TRX-USD
2023-04-27,0.0651789978146553,0.06610099971294403,0.06508500128984451,0.06579399853944778,0.06579399853944778,190727736,TRX-USD
2023-04-28,0.06579700112342834,0.06671000272035599,0.06568899750709534,0.06671000272035599,0.06671000272035599,159999592,TRX-USD
2023-04-29,0.06671199947595596,0.06817000359296799,0.0666939988732338,0.06800399720668793,0.06800399720668793,165520602,TRX-USD
2023-04-30,0.06800299882888794,0.06805799901485443,0.06734299659729004,0.06734299659729004,0.06734299659729004,168124254,TRX-USD
2023-05-01,0.06734299659729004,0.0693110004067421,0.06695400178432465,0.06850399821996689,0.06850399821996689,273046031,TRX-USD
2023-05-02,0.06850799918174744,0.0697999969124794,0.06730999797582626,0.06924600154161453,0.06924600154161453,223619552,TRX-USD
2023-05-03,0.06924799829721451,0.06953799724578857,0.06836800277233124,0.06924500316381454,0.06924500316381454,241038777,TRX-USD
2023-05-04,0.06924600154161453,0.06962800025939941,0.06904999911785126,0.06945399940013885,0.06945399940013885,175585119,TRX-USD
2023-05-05,0.06945399940013885,0.07134199887514114,0.06944700330495834,0.07100299745798111,0.07100299745798111,216516011,TRX-USD
2023-05-06,0.07100299745798111,0.07113999873399734,0.06980700045824051,0.07032699882984161,0.07032699882984161,184142912,TRX-USD
2023-05-07,0.07032299786806107,0.07055500149726868,0.06929600238800049,0.0693420022726059,0.0693420022726059,163121117,TRX-USD
2023-05-08,0.06933700293302536,0.06941699981689453,0.06742899864912033,0.06843899935483932,0.06843899935483932,221247793,TRX-USD
2023-05-09,0.0684410035610199,0.06928399950265884,0.0680840015411377,0.06908100098371506,0.06908100098371506,181444363,TRX-USD
2023-05-10,0.06908400356769562,0.07030899822711945,0.06850600242614746,0.06940799951553345,0.06940799951553345,220122062,TRX-USD
2023-05-11,0.06941100209951401,0.0695360004901886,0.06695400178432465,0.06770499795675278,0.06770499795675278,215941932,TRX-USD
2023-05-12,0.0677030012011528,0.06918100267648697,0.06730599701404572,0.06909599900245667,0.06909599900245667,215884738,TRX-USD
2023-05-13,0.06909900158643723,0.06955000013113022,0.06855999678373337,0.06938000023365021,0.06938000023365021,148244433,TRX-USD
2023-05-14,0.06937599927186966,0.06973200291395187,0.06893999874591827,0.06940100342035294,0.06940100342035294,150250447,TRX-USD
2023-05-15,0.06940100342035294,0.07047899812459946,0.06921499967575073,0.0702420026063919,0.0702420026063919,156324130,TRX-USD
2023-05-16,0.0702430009841919,0.07072900235652924,0.07001999765634537,0.07055900245904922,0.07055900245904922,177030609,TRX-USD
2023-05-17,0.07055500149726868,0.07131999731063843,0.07031399756669998,0.07105199992656708,0.07105199992656708,180958724,TRX-USD
2023-05-18,0.0710579976439476,0.07134100049734116,0.06994999945163727,0.07027599960565567,0.07027599960565567,188382376,TRX-USD
2023-05-19,0.07027299702167511,0.0707779973745346,0.07014200091362,0.07067500054836273,0.07067500054836273,138133276,TRX-USD
2023-05-20,0.07067800313234329,0.0728909969329834,0.07057400047779083,0.0726500004529953,0.0726500004529953,207049769,TRX-USD
2023-05-21,0.07264500111341476,0.0764549970626831,0.07211899757385254,0.07512400299310684,0.07512400299310684,337181123,TRX-USD
2023-05-22,0.07512100040912628,0.07914700359106064,0.07432600110769272,0.07816799730062485,0.07816799730062485,400941744,TRX-USD
2023-05-23,0.07814600318670273,0.07933399826288223,0.07767099887132645,0.07848100364208221,0.07848100364208221,233949094,TRX-USD
2023-05-24,0.07848600298166275,0.07848600298166275,0.07650599628686905,0.0768980011343956,0.0768980011343956,234035901,TRX-USD
2023-05-25,0.07689099758863449,0.078186996281147,0.07670100033283234,0.0768129974603653,0.0768129974603653,220218292,TRX-USD
2023-05-26,0.07677445560693741,0.07734418660402298,0.07676208019256592,0.07680238783359528,0.07680238783359528,196008512,TRX-USD
